<?xml version="1.0" encoding="UTF-8"?>
<project xmlns="http://www.netbeans.org/ns/project/1">
    <type>com.microchip.mplab.nbide.embedded.makeproject</type>
    <configuration>
        <data xmlns="http://www.netbeans.org/ns/make-project/1">
            <name>Stage2-v2.3</name>
            <name>Stage2-v2.2</name>
            <name>Stage2-v2.1</name>
            <name>Stage2-v2</name>
            <name>Stage2-v1.9</name>
            <name>Stage2-v1.8</name>
            <name>Stage2-v1.7</name>
            <name>Stage2-v1.6</name>
            <name>Stage2-v1.5</name>
            <name>Stage2-v1.4</name>
            <name>Stage2-v1.3</name>
            <name>Stage2-v1.2</name>
            <name>Stage2-v1.1</name>
            <name>Stage2-v1</name>
            <name>Assignment3-Stage2</name>
            <creation-uuid>9e84954a-6b1d-4f9a-9bdd-29319563076e</creation-uuid>
            <make-project-type>0</make-project-type>
            <sourceEncoding>ISO-8859-1</sourceEncoding>
            <make-dep-projects/>
            <sourceRootList/>
            <confList>
                <confElem>
                    <name>default</name>
                    <type>2</type>
                </confElem>
            </confList>
            <formatting>
                <project-formatting-style>false</project-formatting-style>
            </formatting>
        </data>
    </configuration>
</project>
